.
./com
./com/kanyelings
./com/kanyelings/telmah
./com/kanyelings/telmah/mentormatchsb
./com/kanyelings/telmah/mentormatchsb/MentorMatchSbApplication.html
./com/kanyelings/telmah/mentormatchsb/service
./com/kanyelings/telmah/mentormatchsb/service/impl
./com/kanyelings/telmah/mentormatchsb/service/impl/MatchServiceImplTest.html
./com/kanyelings/telmah/mentormatchsb/service/impl/package-tree.html
./com/kanyelings/telmah/mentormatchsb/service/impl/package-summary.html
./com/kanyelings/telmah/mentormatchsb/config
./com/kanyelings/telmah/mentormatchsb/config/Constants.html
./com/kanyelings/telmah/mentormatchsb/config/CorsConfig.html
./com/kanyelings/telmah/mentormatchsb/config/SwaggerConfig.html
./com/kanyelings/telmah/mentormatchsb/config/package-tree.html
./com/kanyelings/telmah/mentormatchsb/config/package-summary.html
./com/kanyelings/telmah/mentormatchsb/data
./com/kanyelings/telmah/mentormatchsb/data/repository
./com/kanyelings/telmah/mentormatchsb/data/repository/MenteeRepository.html
./com/kanyelings/telmah/mentormatchsb/data/repository/MatchRepository.html
./com/kanyelings/telmah/mentormatchsb/data/repository/package-tree.html
./com/kanyelings/telmah/mentormatchsb/data/repository/MentorRepository.html
./com/kanyelings/telmah/mentormatchsb/data/repository/package-summary.html
./com/kanyelings/telmah/mentormatchsb/data/entity
./com/kanyelings/telmah/mentormatchsb/data/entity/MatchEntity.html
./com/kanyelings/telmah/mentormatchsb/data/entity/MenteeEntity.html
./com/kanyelings/telmah/mentormatchsb/data/entity/MentorEntity.html
./com/kanyelings/telmah/mentormatchsb/data/entity/package-tree.html
./com/kanyelings/telmah/mentormatchsb/data/entity/common
./com/kanyelings/telmah/mentormatchsb/data/entity/common/package-tree.html
./com/kanyelings/telmah/mentormatchsb/data/entity/common/MentorMenteeCommon.html
./com/kanyelings/telmah/mentormatchsb/data/entity/common/package-summary.html
./com/kanyelings/telmah/mentormatchsb/data/entity/package-summary.html
./com/kanyelings/telmah/mentormatchsb/business
./com/kanyelings/telmah/mentormatchsb/business/util
./com/kanyelings/telmah/mentormatchsb/business/util/package-tree.html
./com/kanyelings/telmah/mentormatchsb/business/util/SecretUtil.html
./com/kanyelings/telmah/mentormatchsb/business/util/package-summary.html
./com/kanyelings/telmah/mentormatchsb/business/model
./com/kanyelings/telmah/mentormatchsb/business/model/enums
./com/kanyelings/telmah/mentormatchsb/business/model/enums/Role.html
./com/kanyelings/telmah/mentormatchsb/business/model/enums/package-tree.html
./com/kanyelings/telmah/mentormatchsb/business/model/enums/package-summary.html
./com/kanyelings/telmah/mentormatchsb/business/model/MatchComboV2.html
./com/kanyelings/telmah/mentormatchsb/business/model/MatchSize.html
./com/kanyelings/telmah/mentormatchsb/business/model/EntitySearch.html
./com/kanyelings/telmah/mentormatchsb/business/model/package-tree.html
./com/kanyelings/telmah/mentormatchsb/business/model/package-summary.html
./com/kanyelings/telmah/mentormatchsb/business/model/MatchCombo.html
./com/kanyelings/telmah/mentormatchsb/business/service
./com/kanyelings/telmah/mentormatchsb/business/service/impl
./com/kanyelings/telmah/mentormatchsb/business/service/impl/MatchServiceImpl.html
./com/kanyelings/telmah/mentormatchsb/business/service/impl/MentorServiceImpl.html
./com/kanyelings/telmah/mentormatchsb/business/service/impl/MenteeServiceImpl.html
./com/kanyelings/telmah/mentormatchsb/business/service/impl/TestServiceImpl.html
./com/kanyelings/telmah/mentormatchsb/business/service/impl/package-tree.html
./com/kanyelings/telmah/mentormatchsb/business/service/impl/package-summary.html
./com/kanyelings/telmah/mentormatchsb/business/service/impl/SearchServiceImpl.html
./com/kanyelings/telmah/mentormatchsb/business/service/MatchService.html
./com/kanyelings/telmah/mentormatchsb/business/service/SearchService.html
./com/kanyelings/telmah/mentormatchsb/business/service/TestService.html
./com/kanyelings/telmah/mentormatchsb/business/service/MenteeService.html
./com/kanyelings/telmah/mentormatchsb/business/service/package-tree.html
./com/kanyelings/telmah/mentormatchsb/business/service/package-summary.html
./com/kanyelings/telmah/mentormatchsb/business/service/MentorService.html
./com/kanyelings/telmah/mentormatchsb/business/mapper
./com/kanyelings/telmah/mentormatchsb/business/mapper/MentorMapper.html
./com/kanyelings/telmah/mentormatchsb/business/mapper/MenteeMapper.html
./com/kanyelings/telmah/mentormatchsb/business/mapper/package-tree.html
./com/kanyelings/telmah/mentormatchsb/business/mapper/package-summary.html
./com/kanyelings/telmah/mentormatchsb/package-tree.html
./com/kanyelings/telmah/mentormatchsb/api
./com/kanyelings/telmah/mentormatchsb/api/controller
./com/kanyelings/telmah/mentormatchsb/api/controller/MatchController.html
./com/kanyelings/telmah/mentormatchsb/api/controller/MentorController.html
./com/kanyelings/telmah/mentormatchsb/api/controller/MenteeController.html
./com/kanyelings/telmah/mentormatchsb/api/controller/package-tree.html
./com/kanyelings/telmah/mentormatchsb/api/controller/SearchController.html
./com/kanyelings/telmah/mentormatchsb/api/controller/TestController.html
./com/kanyelings/telmah/mentormatchsb/api/controller/package-summary.html
./com/kanyelings/telmah/mentormatchsb/api/dto
./com/kanyelings/telmah/mentormatchsb/api/dto/MentorDto.html
./com/kanyelings/telmah/mentormatchsb/api/dto/MenteeDto.html
./com/kanyelings/telmah/mentormatchsb/api/dto/MatchDto.html
./com/kanyelings/telmah/mentormatchsb/api/dto/package-tree.html
./com/kanyelings/telmah/mentormatchsb/api/dto/package-summary.html
./com/kanyelings/telmah/mentormatchsb/package-summary.html
./tag-search-index.js
./stoopid.txt
./package-search-index.js
./.gitignore
./serialized-form.html
./search.js
./script-dir
./script-dir/jquery-ui.min.js
./script-dir/jquery-ui.structure.min.css
./script-dir/jquery-ui.min.css
./script-dir/jquery-3.5.1.min.js
./script-dir/images
./script-dir/images/ui-bg_highlight-soft_75_cccccc_1x100.png
./script-dir/images/ui-bg_glass_75_e6e6e6_1x400.png
./script-dir/images/ui-bg_glass_65_dadada_1x400.png
./script-dir/images/ui-bg_glass_75_dadada_1x400.png
./script-dir/images/ui-bg_glass_95_fef1ec_1x400.png
./script-dir/images/ui-icons_cd0a0a_256x240.png
./script-dir/images/ui-icons_222222_256x240.png
./script-dir/images/ui-icons_888888_256x240.png
./script-dir/images/ui-icons_2e83ff_256x240.png
./script-dir/images/ui-bg_glass_55_fbf9ee_1x400.png
./script-dir/images/ui-icons_454545_256x240.png
./jquery-ui.overrides.css
./overview-tree.html
./resources
./resources/glass.png
./resources/x.png
./README.md
./constant-values.html
./member-search-index.js
./module-search-index.js
./help-doc.html
./index.html
./allpackages-index.html
./crazy.sh
./allclasses-index.html
./script.js
./element-list
./type-search-index.js
./overview-summary.html
./stylesheet.css
./.git
./.git/info
./.git/info/exclude
./.git/branches
./.git/config
./.git/logs
./.git/logs/refs
./.git/logs/refs/remotes
./.git/logs/refs/remotes/origin
./.git/logs/refs/remotes/origin/HEAD
./.git/logs/refs/heads
./.git/logs/refs/heads/main
./.git/logs/HEAD
./.git/description
./.git/packed-refs
./.git/index
./.git/hooks
./.git/hooks/applypatch-msg.sample
./.git/hooks/pre-receive.sample
./.git/hooks/pre-commit.sample
./.git/hooks/pre-merge-commit.sample
./.git/hooks/fsmonitor-watchman.sample
./.git/hooks/prepare-commit-msg.sample
./.git/hooks/commit-msg.sample
./.git/hooks/pre-applypatch.sample
./.git/hooks/pre-rebase.sample
./.git/hooks/update.sample
./.git/hooks/post-update.sample
./.git/hooks/pre-push.sample
./.git/hooks/push-to-checkout.sample
./.git/refs
./.git/refs/remotes
./.git/refs/remotes/origin
./.git/refs/remotes/origin/HEAD
./.git/refs/tags
./.git/refs/heads
./.git/refs/heads/main
./.git/HEAD
./.git/objects
./.git/objects/info
./.git/objects/pack
./.git/objects/pack/pack-6f4d513697b55e9cdcbf044ccc268e9a63fa7577.idx
./.git/objects/pack/pack-6f4d513697b55e9cdcbf044ccc268e9a63fa7577.pack
./index-files
./index-files/index-2.html
./index-files/index-7.html
./index-files/index-12.html
./index-files/index-1.html
./index-files/index-8.html
./index-files/index-9.html
./index-files/index-5.html
./index-files/index-11.html
./index-files/index-4.html
./index-files/index-3.html
./index-files/index-6.html
./index-files/index-10.html
